prefecture_entity_id,prefecture_name,year,county_to_district_count,district_merge_count,break_flag
CNUR-000001,北京市,1999,1,0,1
CNUR-000001,北京市,2001,3,0,1
CNUR-000001,北京市,2010,0,0,
CNUR-000001,北京市,2015,2,0,1
CNUR-000002,天津市,2000,1,0,1
CNUR-000002,天津市,2001,1,0,1
CNUR-000002,天津市,2009,0,0,
CNUR-000002,天津市,2015,2,0,1
CNUR-000002,天津市,2016,1,0,1
CNUR-000003,石家庄市,2001,0,0,
CNUR-000003,石家庄市,2014,3,0,1
CNUR-000004,唐山市,2002,2,0,1
CNUR-000004,唐山市,2012,1,0,1
CNUR-000005,秦皇岛市,2015,1,0,1
CNUR-000006,邯郸市,2016,3,0,1
CNUR-000007,邢台市,2020,2,0,1
CNUR-000008,保定市,2015,3,0,1
CNUR-000009,张家口市,2016,3,0,1
CNUR-000013,衡水市,2016,1,0,1
CNUR-000015,大同市,2018,1,0,1
CNUR-000017,长治市,2018,2,1,1
CNUR-000020,晋中市,2019,1,0,1
CNUR-000030,鄂尔多斯市,2016,0,0,
CNUR-000037,沈阳市,2016,1,0,1
CNUR-000038,大连市,2015,1,0,1
CNUR-000044,营口市,2004,1,0,1
CNUR-000045,阜新市,2002,0,0,
CNUR-000047,盘锦市,2016,1,0,1
CNUR-000049,朝阳市,2006,2,0,1
CNUR-000051,长春市,2014,1,0,1
CNUR-000056,白山市,2006,1,0,1
CNUR-000057,松原市,2008,0,0,
CNUR-000060,哈尔滨市,2004,1,0,1
CNUR-000060,哈尔滨市,2006,0,1,
CNUR-000060,哈尔滨市,2014,1,0,1
CNUR-000066,伊春市,2019,0,0,
CNUR-000067,佳木斯市,2006,0,0,
CNUR-000073,上海市,1999,1,0,1
CNUR-000073,上海市,2000,0,0,
CNUR-000073,上海市,2001,2,0,1
CNUR-000073,上海市,2005,0,0,
CNUR-000073,上海市,2009,0,1,
CNUR-000073,上海市,2011,0,1,
CNUR-000073,上海市,2015,0,0,
CNUR-000073,上海市,2016,1,0,1
CNUR-000074,南京市,2000,1,0,1
CNUR-000074,南京市,2002,2,0,1
CNUR-000074,南京市,2013,2,2,1
CNUR-000075,无锡市,2000,0,1,
CNUR-000075,无锡市,2015,0,0,
CNUR-000076,徐州市,2005,1,0,1
CNUR-000076,徐州市,2010,1,0,1
CNUR-000077,常州市,2002,1,0,1
CNUR-000077,常州市,2015,1,0,1
CNUR-000078,苏州市,2000,1,0,1
CNUR-000078,苏州市,2012,1,1,1
CNUR-000079,南通市,2009,0,0,
CNUR-000079,南通市,2020,1,2,1
CNUR-000080,连云港市,2001,0,0,
CNUR-000080,连云港市,2014,1,0,1
CNUR-000081,淮安市,2016,1,1,1
CNUR-000082,盐城市,2003,1,0,1
CNUR-000082,盐城市,2015,1,0,1
CNUR-000083,扬州市,2000,1,0,1
CNUR-000083,扬州市,2011,1,0,1
CNUR-000084,镇江市,2002,1,0,1
CNUR-000085,泰州市,2012,1,0,1
CNUR-000086,宿迁市,2004,1,0,1
CNUR-000087,杭州市,2001,2,0,1
CNUR-000087,杭州市,2014,1,0,1
CNUR-000087,杭州市,2017,1,0,1
CNUR-000088,宁波市,2002,1,0,1
CNUR-000088,宁波市,2016,1,0,1
CNUR-000089,温州市,2001,1,0,1
CNUR-000089,温州市,2015,1,0,1
CNUR-000092,绍兴市,2001,1,0,1
CNUR-000092,绍兴市,2013,2,0,1
CNUR-000093,金华市,2000,1,0,1
CNUR-000094,衢州市,2001,1,0,1
CNUR-000098,合肥市,2002,1,0,1
CNUR-000099,芜湖市,2005,0,0,
CNUR-000099,芜湖市,2020,2,2,1
CNUR-000100,蚌埠市,2004,1,0,1
CNUR-000101,淮南市,2004,1,0,1
CNUR-000102,马鞍山市,2001,0,0,
CNUR-000102,马鞍山市,2012,0,1,
CNUR-000104,铜陵市,2015,1,0,1
CNUR-000105,安庆市,2005,0,0,
CNUR-000111,六安市,2015,0,0,
CNUR-000115,福州市,2017,1,0,1
CNUR-000116,厦门市,2003,0,0,
CNUR-000117,莆田市,2002,0,0,
CNUR-000121,南平市,2014,1,0,1
CNUR-000122,龙岩市,2014,1,0,1
CNUR-000124,南昌市,2004,0,0,
CNUR-000124,南昌市,2015,1,0,1
CNUR-000124,南昌市,2019,0,1,
CNUR-000127,九江市,2017,1,0,1
CNUR-000129,鹰潭市,2018,1,0,1
CNUR-000130,赣州市,2013,1,0,1
CNUR-000130,赣州市,2016,1,0,1
CNUR-000133,抚州市,2016,1,0,1
CNUR-000134,上饶市,2015,1,0,1
CNUR-000134,上饶市,2019,1,0,1
CNUR-000135,济南市,2001,1,0,1
CNUR-000135,济南市,2016,1,0,1
CNUR-000135,济南市,2018,1,0,1
CNUR-000135,济南市,2019,0,0,
CNUR-000136,青岛市,2012,0,1,
CNUR-000136,青岛市,2017,1,0,1
CNUR-000139,东营市,2016,1,0,1
CNUR-000142,济宁市,2013,0,1,
CNUR-000144,威海市,2014,1,0,1
CNUR-000145,日照市,2004,0,0,
CNUR-000146,莱芜市,2018,0,0,
CNUR-000146,莱芜市,2019,0,0,
CNUR-000148,德州市,2014,1,0,1
CNUR-000149,聊城市,2019,1,0,1
CNUR-000150,滨州市,2014,1,0,1
CNUR-000151,菏泽市,2016,1,0,1
CNUR-000153,开封市,2005,0,0,
CNUR-000153,开封市,2014,1,0,1
CNUR-000154,洛阳市,2000,0,0,
CNUR-000158,新乡市,2003,0,0,
CNUR-000161,许昌市,2016,1,0,1
CNUR-000162,漯河市,2004,1,0,1
CNUR-000163,三门峡市,2015,1,0,1
CNUR-000167,周口市,2019,1,0,1
CNUR-000168,驻马店市,2001,1,0,1
CNUR-000171,十堰市,2014,1,0,1
CNUR-000172,宜昌市,2001,1,0,1
CNUR-000173,襄阳市,2001,1,0,1
CNUR-000175,荆门市,2001,0,0,
CNUR-000182,长沙市,2011,1,0,1
CNUR-000183,株洲市,2018,1,0,1
CNUR-000196,广州市,2000,2,0,1
CNUR-000196,广州市,2005,0,0,
CNUR-000196,广州市,2012,0,0,
CNUR-000196,广州市,2014,2,0,1
CNUR-000197,韶关市,2004,1,0,1
CNUR-000198,深圳市,2016,0,0,
CNUR-000198,深圳市,2018,0,0,
CNUR-000199,珠海市,2001,1,0,1
CNUR-000200,汕头市,2003,2,0,1
CNUR-000201,佛山市,2002,4,0,1
CNUR-000202,江门市,2002,1,0,1
CNUR-000204,茂名市,2014,1,0,1
CNUR-000205,肇庆市,2015,1,0,1
CNUR-000206,惠州市,2003,1,0,1
CNUR-000207,梅州市,2013,1,0,1
CNUR-000210,阳江市,2014,1,0,1
CNUR-000211,清远市,2012,1,0,1
CNUR-000214,潮州市,2013,1,0,1
CNUR-000215,揭阳市,2012,1,0,1
CNUR-000216,云浮市,2014,1,0,1
CNUR-000217,南宁市,2001,0,0,
CNUR-000217,南宁市,2004,1,0,1
CNUR-000217,南宁市,2015,1,0,1
CNUR-000218,柳州市,2002,0,0,
CNUR-000218,柳州市,2016,1,0,1
CNUR-000219,桂林市,2013,1,0,1
CNUR-000220,梧州市,2003,0,0,
CNUR-000220,梧州市,2013,0,0,
CNUR-000224,贵港市,2003,0,0,
CNUR-000225,玉林市,2013,0,0,
CNUR-000226,百色市,2019,1,0,1
CNUR-000227,贺州市,2016,0,0,
CNUR-000228,河池市,2016,0,0,
CNUR-000231,海口市,2002,0,0,
CNUR-000232,三亚市,2014,0,0,
CNUR-000235,重庆市,2000,1,0,1
CNUR-000235,重庆市,2001,1,0,1
CNUR-000235,重庆市,2006,0,0,
CNUR-000235,重庆市,2011,2,0,1
CNUR-000235,重庆市,2014,2,0,1
CNUR-000235,重庆市,2015,2,0,1
CNUR-000235,重庆市,2016,3,0,1
CNUR-000236,成都市,2001,1,0,1
CNUR-000236,成都市,2002,1,0,1
CNUR-000236,成都市,2015,1,0,1
CNUR-000236,成都市,2016,1,0,1
CNUR-000236,成都市,2020,1,0,1
CNUR-000237,自贡市,2005,2,0,1
CNUR-000240,德阳市,2017,1,0,1
CNUR-000241,绵阳市,2016,1,0,1
CNUR-000243,遂宁市,2003,0,0,
CNUR-000247,眉山市,2014,1,0,1
CNUR-000248,宜宾市,2011,1,0,1
CNUR-000248,宜宾市,2018,1,0,1
CNUR-000249,广安市,2013,0,0,
CNUR-000250,达州市,2013,1,0,1
CNUR-000251,雅安市,2012,1,0,1
CNUR-000252,巴中市,2013,0,0,
CNUR-000257,贵阳市,2012,0,1,
CNUR-000258,六盘水市,2020,1,0,1
CNUR-000259,遵义市,2016,1,0,1
CNUR-000260,安顺市,2014,1,0,1
CNUR-000266,昆明市,2011,1,0,1
CNUR-000266,昆明市,2016,1,0,1
CNUR-000267,曲靖市,2016,1,0,1
CNUR-000267,曲靖市,2018,1,0,1
CNUR-000268,玉溪市,2015,1,0,1
CNUR-000282,拉萨市,2015,1,0,1
CNUR-000282,拉萨市,2017,1,0,1
CNUR-000287,那曲市,2017,1,0,1
CNUR-000289,西安市,2002,1,0,1
CNUR-000289,西安市,2014,1,0,1
CNUR-000289,西安市,2016,1,0,1
CNUR-000290,铜川市,2002,1,0,1
CNUR-000291,宝鸡市,2003,1,0,1
CNUR-000291,宝鸡市,2008,0,0,
CNUR-000292,咸阳市,2008,0,0,
CNUR-000293,渭南市,2015,1,0,1
CNUR-000294,延安市,2016,1,0,1
CNUR-000295,汉中市,2017,1,0,1
CNUR-000296,榆林市,2015,1,0,1
CNUR-000313,西宁市,2019,1,0,1
CNUR-000314,海东市,2015,1,0,1
CNUR-000322,石嘴山市,2002,1,0,1
CNUR-000322,石嘴山市,2003,1,0,1
CNUR-000323,吴忠市,2009,0,0,
CNUR-000326,乌鲁木齐市,2001,1,0,1
CNUR-000326,乌鲁木齐市,2002,1,0,1
