entity_id,canonical_name,province,formation_path,break_years,sample_entry_year,treatment_hint
CNUR-000001,北京市,北京市,stable,,0,aggregate_safe
CNUR-000002,天津市,天津市,stable,,0,aggregate_safe
CNUR-000003,石家庄市,河北省,merge_successor,,0,break_flag_only
CNUR-000004,唐山市,河北省,stable,,0,aggregate_safe
CNUR-000005,秦皇岛市,河北省,stable,,0,aggregate_safe
CNUR-000006,邯郸市,河北省,merge_successor,,0,break_flag_only
CNUR-000007,邢台市,河北省,merge_successor,,0,break_flag_only
CNUR-000008,保定市,河北省,merge_successor,,0,break_flag_only
CNUR-000009,张家口市,河北省,merge_successor,,0,break_flag_only
CNUR-000010,承德市,河北省,merge_successor,,0,break_flag_only
CNUR-000011,沧州市,河北省,merge_successor,,0,break_flag_only
CNUR-000012,廊坊市,河北省,continuous_upgrade,,0,aggregate_safe
CNUR-000013,衡水市,河北省,continuous_upgrade,,0,aggregate_safe
CNUR-000014,太原市,山西省,stable,,0,aggregate_safe
CNUR-000015,大同市,山西省,split_successor,,0,break_flag_only
CNUR-000016,阳泉市,山西省,stable,,0,aggregate_safe
CNUR-000017,长治市,山西省,stable,,0,aggregate_safe
CNUR-000018,晋城市,山西省,stable,,0,aggregate_safe
CNUR-000019,朔州市,山西省,split_successor,,0,break_flag_only
CNUR-000020,晋中市,山西省,continuous_upgrade,,0,aggregate_safe
CNUR-000021,运城市,山西省,continuous_upgrade,,0,aggregate_safe
CNUR-000022,忻州市,山西省,continuous_upgrade,,0,aggregate_safe
CNUR-000023,临汾市,山西省,continuous_upgrade,,0,aggregate_safe
CNUR-000024,吕梁市,山西省,continuous_upgrade,,0,aggregate_safe
CNUR-000025,呼和浩特市,内蒙古自治区,stable,,0,aggregate_safe
CNUR-000026,包头市,内蒙古自治区,stable,,0,aggregate_safe
CNUR-000027,乌海市,内蒙古自治区,stable,,0,aggregate_safe
CNUR-000028,赤峰市,内蒙古自治区,stable,,0,aggregate_safe
CNUR-000029,通辽市,内蒙古自治区,continuous_upgrade,,0,aggregate_safe
CNUR-000030,鄂尔多斯市,内蒙古自治区,continuous_upgrade,,0,aggregate_safe
CNUR-000031,呼伦贝尔市,内蒙古自治区,continuous_upgrade,,0,aggregate_safe
CNUR-000032,巴彦淖尔市,内蒙古自治区,continuous_upgrade,,0,aggregate_safe
CNUR-000033,乌兰察布市,内蒙古自治区,continuous_upgrade,,0,aggregate_safe
CNUR-000034,兴安盟,内蒙古自治区,stable,,0,aggregate_safe
CNUR-000035,锡林郭勒盟,内蒙古自治区,stable,,0,aggregate_safe
CNUR-000036,阿拉善盟,内蒙古自治区,stable,,0,aggregate_safe
CNUR-000037,沈阳市,辽宁省,stable,,0,aggregate_safe
CNUR-000038,大连市,辽宁省,stable,,0,aggregate_safe
CNUR-000039,鞍山市,辽宁省,stable,,0,aggregate_safe
CNUR-000040,抚顺市,辽宁省,stable,,0,aggregate_safe
CNUR-000041,本溪市,辽宁省,stable,,0,aggregate_safe
CNUR-000042,丹东市,辽宁省,stable,,0,aggregate_safe
CNUR-000043,锦州市,辽宁省,stable,,0,aggregate_safe
CNUR-000044,营口市,辽宁省,stable,,0,aggregate_safe
CNUR-000045,阜新市,辽宁省,stable,,0,aggregate_safe
CNUR-000046,辽阳市,辽宁省,stable,,0,aggregate_safe
CNUR-000047,盘锦市,辽宁省,stable,,0,aggregate_safe
CNUR-000048,铁岭市,辽宁省,stable,,0,aggregate_safe
CNUR-000049,朝阳市,辽宁省,stable,,0,aggregate_safe
CNUR-000050,葫芦岛市,辽宁省,continuous_upgrade,,0,aggregate_safe
CNUR-000051,长春市,吉林省,transfer_in,2020,0,break_flag_only
CNUR-000052,吉林市,吉林省,stable,,0,aggregate_safe
CNUR-000053,四平市,吉林省,merged_away,2020,0,break_flag_only
CNUR-000054,辽源市,吉林省,stable,,0,aggregate_safe
CNUR-000055,通化市,吉林省,stable,,0,aggregate_safe
CNUR-000056,白山市,吉林省,continuous_upgrade,,0,aggregate_safe
CNUR-000057,松原市,吉林省,transfer_in,,0,break_flag_only
CNUR-000058,白城市,吉林省,merged_away,,0,break_flag_only
CNUR-000059,延边朝鲜族自治州,吉林省,stable,,0,aggregate_safe
CNUR-000060,哈尔滨市,黑龙江省,merge_successor,,0,break_flag_only
CNUR-000061,齐齐哈尔市,黑龙江省,stable,,0,aggregate_safe
CNUR-000062,鸡西市,黑龙江省,stable,,0,aggregate_safe
CNUR-000063,鹤岗市,黑龙江省,stable,,0,aggregate_safe
CNUR-000064,双鸭山市,黑龙江省,stable,,0,aggregate_safe
CNUR-000065,大庆市,黑龙江省,stable,,0,aggregate_safe
CNUR-000066,伊春市,黑龙江省,stable,,0,aggregate_safe
CNUR-000067,佳木斯市,黑龙江省,stable,,0,aggregate_safe
CNUR-000068,七台河市,黑龙江省,stable,,0,aggregate_safe
CNUR-000069,牡丹江市,黑龙江省,stable,,0,aggregate_safe
CNUR-000070,黑河市,黑龙江省,continuous_upgrade,,0,aggregate_safe
CNUR-000071,绥化市,黑龙江省,continuous_upgrade,,0,aggregate_safe
CNUR-000072,大兴安岭地区,黑龙江省,stable,,0,aggregate_safe
CNUR-000073,上海市,上海市,stable,,0,aggregate_safe
CNUR-000074,南京市,江苏省,stable,,0,aggregate_safe
CNUR-000075,无锡市,江苏省,stable,,0,aggregate_safe
CNUR-000076,徐州市,江苏省,stable,,0,aggregate_safe
CNUR-000077,常州市,江苏省,stable,,0,aggregate_safe
CNUR-000078,苏州市,江苏省,stable,,0,aggregate_safe
CNUR-000079,南通市,江苏省,stable,,0,aggregate_safe
CNUR-000080,连云港市,江苏省,stable,,0,aggregate_safe
CNUR-000081,淮安市,江苏省,merged_away,,0,break_flag_only
CNUR-000082,盐城市,江苏省,stable,,0,aggregate_safe
CNUR-000083,扬州市,江苏省,merged_away,,0,break_flag_only
CNUR-000084,镇江市,江苏省,stable,,0,aggregate_safe
CNUR-000085,泰州市,江苏省,transfer_in,,0,break_flag_only
CNUR-000086,宿迁市,江苏省,transfer_in,,0,break_flag_only
CNUR-000087,杭州市,浙江省,stable,,0,aggregate_safe
CNUR-000088,宁波市,浙江省,stable,,0,aggregate_safe
CNUR-000089,温州市,浙江省,stable,,0,aggregate_safe
CNUR-000090,嘉兴市,浙江省,stable,,0,aggregate_safe
CNUR-000091,湖州市,浙江省,stable,,0,aggregate_safe
CNUR-000092,绍兴市,浙江省,stable,,0,aggregate_safe
CNUR-000093,金华市,浙江省,stable,,0,aggregate_safe
CNUR-000094,衢州市,浙江省,stable,,0,aggregate_safe
CNUR-000095,舟山市,浙江省,continuous_upgrade,,0,aggregate_safe
CNUR-000096,台州市,浙江省,continuous_upgrade,,0,aggregate_safe
CNUR-000097,丽水市,浙江省,continuous_upgrade,,0,aggregate_safe
CNUR-000098,合肥市,安徽省,split_successor,2011,0,break_flag_only
CNUR-000099,芜湖市,安徽省,split_successor,2011,0,break_flag_only
CNUR-000100,蚌埠市,安徽省,stable,,0,aggregate_safe
CNUR-000101,淮南市,安徽省,transfer_in,2015,0,break_flag_only
CNUR-000102,马鞍山市,安徽省,split_successor,2011,0,break_flag_only
CNUR-000103,淮北市,安徽省,stable,,0,aggregate_safe
CNUR-000104,铜陵市,安徽省,transfer_in,2015,0,break_flag_only
CNUR-000105,安庆市,安徽省,transfer_in,,0,break_flag_only
CNUR-000106,黄山市,安徽省,continuous_upgrade,,0,aggregate_safe
CNUR-000107,滁州市,安徽省,continuous_upgrade,,0,aggregate_safe
CNUR-000108,阜阳市,安徽省,continuous_upgrade,,0,aggregate_safe
CNUR-000109,宿州市,安徽省,continuous_upgrade,,0,aggregate_safe
CNUR-000111,六安市,安徽省,merged_away,2015,0,break_flag_only
CNUR-000112,亳州市,安徽省,continuous_upgrade,,2000,aggregate_safe
CNUR-000113,池州市,安徽省,transfer_in,,0,break_flag_only
CNUR-000114,宣城市,安徽省,continuous_upgrade,,0,aggregate_safe
CNUR-000115,福州市,福建省,stable,,0,aggregate_safe
CNUR-000116,厦门市,福建省,stable,,0,aggregate_safe
CNUR-000117,莆田市,福建省,stable,,0,aggregate_safe
CNUR-000118,三明市,福建省,stable,,0,aggregate_safe
CNUR-000119,泉州市,福建省,stable,,0,aggregate_safe
CNUR-000120,漳州市,福建省,stable,,0,aggregate_safe
CNUR-000121,南平市,福建省,continuous_upgrade,,0,aggregate_safe
CNUR-000122,龙岩市,福建省,continuous_upgrade,,0,aggregate_safe
CNUR-000123,宁德市,福建省,continuous_upgrade,,0,aggregate_safe
CNUR-000124,南昌市,江西省,stable,,0,aggregate_safe
CNUR-000125,景德镇市,江西省,stable,,0,aggregate_safe
CNUR-000126,萍乡市,江西省,stable,,0,aggregate_safe
CNUR-000127,九江市,江西省,stable,,0,aggregate_safe
CNUR-000128,新余市,江西省,stable,,0,aggregate_safe
CNUR-000129,鹰潭市,江西省,stable,,0,aggregate_safe
CNUR-000130,赣州市,江西省,continuous_upgrade,,0,aggregate_safe
CNUR-000131,吉安市,江西省,continuous_upgrade,,0,aggregate_safe
CNUR-000132,宜春市,江西省,continuous_upgrade,,0,aggregate_safe
CNUR-000133,抚州市,江西省,continuous_upgrade,,0,aggregate_safe
CNUR-000134,上饶市,江西省,continuous_upgrade,,0,aggregate_safe
CNUR-000135,济南市,山东省,merge_successor,2019,0,break_flag_only
CNUR-000136,青岛市,山东省,stable,,0,aggregate_safe
CNUR-000137,淄博市,山东省,stable,,0,aggregate_safe
CNUR-000138,枣庄市,山东省,stable,,0,aggregate_safe
CNUR-000139,东营市,山东省,stable,,0,aggregate_safe
CNUR-000140,烟台市,山东省,merged_away,2015,0,break_flag_only
CNUR-000141,潍坊市,山东省,stable,,0,aggregate_safe
CNUR-000142,济宁市,山东省,stable,,0,aggregate_safe
CNUR-000143,泰安市,山东省,stable,,0,aggregate_safe
CNUR-000144,威海市,山东省,transfer_in,,0,break_flag_only
CNUR-000145,日照市,山东省,continuous_upgrade,,0,aggregate_safe
CNUR-000147,临沂市,山东省,continuous_upgrade,,0,aggregate_safe
CNUR-000148,德州市,山东省,continuous_upgrade,,0,aggregate_safe
CNUR-000149,聊城市,山东省,continuous_upgrade,,0,aggregate_safe
CNUR-000150,滨州市,山东省,continuous_upgrade,,0,aggregate_safe
CNUR-000151,菏泽市,山东省,continuous_upgrade,,0,aggregate_safe
CNUR-000152,郑州市,河南省,stable,,0,aggregate_safe
CNUR-000153,开封市,河南省,stable,,0,aggregate_safe
CNUR-000154,洛阳市,河南省,stable,,0,aggregate_safe
CNUR-000155,平顶山市,河南省,stable,,0,aggregate_safe
CNUR-000156,安阳市,河南省,stable,,0,aggregate_safe
CNUR-000157,鹤壁市,河南省,stable,,0,aggregate_safe
CNUR-000158,新乡市,河南省,stable,,0,aggregate_safe
CNUR-000159,焦作市,河南省,stable,,0,aggregate_safe
CNUR-000160,濮阳市,河南省,stable,,0,aggregate_safe
CNUR-000161,许昌市,河南省,stable,,0,aggregate_safe
CNUR-000162,漯河市,河南省,stable,,0,aggregate_safe
CNUR-000163,三门峡市,河南省,stable,,0,aggregate_safe
CNUR-000164,南阳市,河南省,continuous_upgrade,,0,aggregate_safe
CNUR-000165,商丘市,河南省,continuous_upgrade,,0,aggregate_safe
CNUR-000166,信阳市,河南省,continuous_upgrade,,0,aggregate_safe
CNUR-000167,周口市,河南省,continuous_upgrade,,0,aggregate_safe
CNUR-000168,驻马店市,河南省,continuous_upgrade,,0,aggregate_safe
CNUR-000169,武汉市,湖北省,stable,,0,aggregate_safe
CNUR-000170,黄石市,湖北省,stable,,0,aggregate_safe
CNUR-000171,十堰市,湖北省,merge_successor,,0,break_flag_only
CNUR-000172,宜昌市,湖北省,transfer_in,,0,break_flag_only
CNUR-000173,襄阳市,湖北省,continuous_upgrade,,0,aggregate_safe
CNUR-000174,鄂州市,湖北省,stable,,0,aggregate_safe
CNUR-000175,荆门市,湖北省,stable,,0,aggregate_safe
CNUR-000176,孝感市,湖北省,new_established,,0,break_flag_only
CNUR-000177,荆州市,湖北省,merge_successor,,0,break_flag_only
CNUR-000178,黄冈市,湖北省,continuous_upgrade,,0,aggregate_safe
CNUR-000179,咸宁市,湖北省,continuous_upgrade,,0,aggregate_safe
CNUR-000180,随州市,湖北省,continuous_upgrade,,2000,aggregate_safe
CNUR-000181,恩施土家族苗族自治州,湖北省,continuous_upgrade,,0,aggregate_safe
CNUR-000182,长沙市,湖南省,stable,,0,aggregate_safe
CNUR-000183,株洲市,湖南省,stable,,0,aggregate_safe
CNUR-000184,湘潭市,湖南省,stable,,0,aggregate_safe
CNUR-000185,衡阳市,湖南省,stable,,0,aggregate_safe
CNUR-000186,邵阳市,湖南省,stable,,0,aggregate_safe
CNUR-000187,岳阳市,湖南省,stable,,0,aggregate_safe
CNUR-000188,常德市,湖南省,continuous_upgrade,,0,aggregate_safe
CNUR-000189,张家界市,湖南省,continuous_upgrade,,0,aggregate_safe
CNUR-000190,益阳市,湖南省,continuous_upgrade,,0,aggregate_safe
CNUR-000191,郴州市,湖南省,new_established,,0,break_flag_only
CNUR-000192,永州市,湖南省,continuous_upgrade,,0,aggregate_safe
CNUR-000193,怀化市,湖南省,continuous_upgrade,,0,aggregate_safe
CNUR-000194,娄底市,湖南省,continuous_upgrade,,0,aggregate_safe
CNUR-000195,湘西土家族苗族自治州,湖南省,stable,,0,aggregate_safe
CNUR-000196,广州市,广东省,stable,,0,aggregate_safe
CNUR-000197,韶关市,广东省,stable,,0,aggregate_safe
CNUR-000198,深圳市,广东省,stable,,0,aggregate_safe
CNUR-000199,珠海市,广东省,stable,,0,aggregate_safe
CNUR-000200,汕头市,广东省,stable,,0,aggregate_safe
CNUR-000201,佛山市,广东省,stable,,0,aggregate_safe
CNUR-000202,江门市,广东省,stable,,0,aggregate_safe
CNUR-000203,湛江市,广东省,stable,,0,aggregate_safe
CNUR-000204,茂名市,广东省,stable,,0,aggregate_safe
CNUR-000205,肇庆市,广东省,continuous_upgrade,,0,aggregate_safe
CNUR-000206,惠州市,广东省,split_successor,,0,break_flag_only
CNUR-000207,梅州市,广东省,continuous_upgrade,,0,aggregate_safe
CNUR-000208,汕尾市,广东省,split_successor,,0,break_flag_only
CNUR-000209,河源市,广东省,split_successor,,0,break_flag_only
CNUR-000210,阳江市,广东省,new_established,,0,break_flag_only
CNUR-000211,清远市,广东省,new_established,,0,break_flag_only
CNUR-000212,东莞市,广东省,continuous_upgrade,,0,aggregate_safe
CNUR-000213,中山市,广东省,continuous_upgrade,,0,aggregate_safe
CNUR-000214,潮州市,广东省,continuous_upgrade,,0,aggregate_safe
CNUR-000215,揭阳市,广东省,new_established,,0,break_flag_only
CNUR-000216,云浮市,广东省,continuous_upgrade,,0,aggregate_safe
CNUR-000217,南宁市,广西壮族自治区,split_successor,2002,0,break_flag_only
CNUR-000218,柳州市,广西壮族自治区,split_successor,2002,0,break_flag_only
CNUR-000219,桂林市,广西壮族自治区,merge_successor,,0,break_flag_only
CNUR-000220,梧州市,广西壮族自治区,split_successor,,0,break_flag_only
CNUR-000221,北海市,广西壮族自治区,stable,,0,aggregate_safe
CNUR-000222,防城港市,广西壮族自治区,new_established,,0,break_flag_only
CNUR-000223,钦州市,广西壮族自治区,continuous_upgrade,,0,aggregate_safe
CNUR-000224,贵港市,广西壮族自治区,continuous_upgrade,,0,aggregate_safe
CNUR-000225,玉林市,广西壮族自治区,continuous_upgrade,,0,aggregate_safe
CNUR-000226,百色市,广西壮族自治区,continuous_upgrade,,0,aggregate_safe
CNUR-000227,贺州市,广西壮族自治区,split_successor,,0,break_flag_only
CNUR-000228,河池市,广西壮族自治区,continuous_upgrade,,0,aggregate_safe
CNUR-000229,来宾市,广西壮族自治区,split_successor,2002,2002,break_flag_only
CNUR-000230,崇左市,广西壮族自治区,split_successor,2002,2002,break_flag_only
CNUR-000231,海口市,海南省,stable,,0,aggregate_safe
CNUR-000232,三亚市,海南省,continuous_upgrade,,0,aggregate_safe
CNUR-000233,三沙市,海南省,new_established,,2012,break_flag_only
CNUR-000234,儋州市,海南省,continuous_upgrade,,2015,aggregate_safe
CNUR-000235,重庆市,重庆市,transfer_in,,0,break_flag_only
CNUR-000236,成都市,四川省,transfer_in,2016,0,break_flag_only
CNUR-000237,自贡市,四川省,stable,,0,aggregate_safe
CNUR-000238,攀枝花市,四川省,continuous_upgrade,,0,aggregate_safe
CNUR-000239,泸州市,四川省,stable,,0,aggregate_safe
CNUR-000240,德阳市,四川省,stable,,0,aggregate_safe
CNUR-000241,绵阳市,四川省,stable,,0,aggregate_safe
CNUR-000242,广元市,四川省,stable,,0,aggregate_safe
CNUR-000243,遂宁市,四川省,stable,,0,aggregate_safe
CNUR-000244,内江市,四川省,merged_away,,0,break_flag_only
CNUR-000245,乐山市,四川省,merged_away,,0,break_flag_only
CNUR-000246,南充市,四川省,continuous_upgrade,,0,aggregate_safe
CNUR-000247,眉山市,四川省,transfer_in,,0,break_flag_only
CNUR-000248,宜宾市,四川省,continuous_upgrade,,0,aggregate_safe
CNUR-000249,广安市,四川省,continuous_upgrade,,0,aggregate_safe
CNUR-000250,达州市,四川省,continuous_upgrade,,0,aggregate_safe
CNUR-000251,雅安市,四川省,continuous_upgrade,,0,aggregate_safe
CNUR-000252,巴中市,四川省,continuous_upgrade,,0,aggregate_safe
CNUR-000253,资阳市,四川省,transfer_in,2016,0,break_flag_only
CNUR-000254,阿坝藏族羌族自治州,四川省,continuous_upgrade,,0,aggregate_safe
CNUR-000255,甘孜藏族自治州,四川省,stable,,0,aggregate_safe
CNUR-000256,凉山彝族自治州,四川省,stable,,0,aggregate_safe
CNUR-000257,贵阳市,贵州省,stable,,0,aggregate_safe
CNUR-000258,六盘水市,贵州省,stable,,0,aggregate_safe
CNUR-000259,遵义市,贵州省,continuous_upgrade,,0,aggregate_safe
CNUR-000260,安顺市,贵州省,continuous_upgrade,,0,aggregate_safe
CNUR-000261,毕节市,贵州省,continuous_upgrade,,0,aggregate_safe
CNUR-000262,铜仁市,贵州省,continuous_upgrade,,0,aggregate_safe
CNUR-000263,黔西南布依族苗族自治州,贵州省,stable,,0,aggregate_safe
CNUR-000264,黔东南苗族侗族自治州,贵州省,stable,,0,aggregate_safe
CNUR-000265,黔南布依族苗族自治州,贵州省,stable,,0,aggregate_safe
CNUR-000266,昆明市,云南省,stable,,0,aggregate_safe
CNUR-000267,曲靖市,云南省,continuous_upgrade,,0,aggregate_safe
CNUR-000268,玉溪市,云南省,continuous_upgrade,,0,aggregate_safe
CNUR-000269,保山市,云南省,continuous_upgrade,,0,aggregate_safe
CNUR-000270,昭通市,云南省,continuous_upgrade,,0,aggregate_safe
CNUR-000271,丽江市,云南省,continuous_upgrade,,0,aggregate_safe
CNUR-000272,普洱市,云南省,continuous_upgrade,,0,aggregate_safe
CNUR-000273,临沧市,云南省,stable,,0,aggregate_safe
CNUR-000274,楚雄彝族自治州,云南省,stable,,0,aggregate_safe
CNUR-000275,红河哈尼族彝族自治州,云南省,stable,,0,aggregate_safe
CNUR-000276,文山壮族苗族自治州,云南省,stable,,0,aggregate_safe
CNUR-000277,西双版纳傣族自治州,云南省,stable,,0,aggregate_safe
CNUR-000278,大理白族自治州,云南省,stable,,0,aggregate_safe
CNUR-000279,德宏傣族景颇族自治州,云南省,stable,,0,aggregate_safe
CNUR-000280,怒江傈僳族自治州,云南省,stable,,0,aggregate_safe
CNUR-000281,迪庆藏族自治州,云南省,stable,,0,aggregate_safe
CNUR-000282,拉萨市,西藏自治区,stable,,0,aggregate_safe
CNUR-000283,日喀则市,西藏自治区,continuous_upgrade,,0,aggregate_safe
CNUR-000284,昌都市,西藏自治区,stable,,0,aggregate_safe
CNUR-000285,林芝市,西藏自治区,continuous_upgrade,,0,aggregate_safe
CNUR-000286,山南市,西藏自治区,continuous_upgrade,,0,aggregate_safe
CNUR-000287,那曲市,西藏自治区,continuous_upgrade,,0,aggregate_safe
CNUR-000288,阿里地区,西藏自治区,stable,,0,aggregate_safe
CNUR-000289,西安市,陕西省,stable,,0,aggregate_safe
CNUR-000290,铜川市,陕西省,stable,,0,aggregate_safe
CNUR-000291,宝鸡市,陕西省,stable,,0,aggregate_safe
CNUR-000292,咸阳市,陕西省,stable,,0,aggregate_safe
CNUR-000293,渭南市,陕西省,continuous_upgrade,,0,aggregate_safe
CNUR-000294,延安市,陕西省,continuous_upgrade,,0,aggregate_safe
CNUR-000295,汉中市,陕西省,continuous_upgrade,,0,aggregate_safe
CNUR-000296,榆林市,陕西省,continuous_upgrade,,0,aggregate_safe
CNUR-000297,安康市,陕西省,continuous_upgrade,,0,aggregate_safe
CNUR-000298,商洛市,陕西省,continuous_upgrade,,0,aggregate_safe
CNUR-000299,兰州市,甘肃省,stable,,0,aggregate_safe
CNUR-000300,嘉峪关市,甘肃省,stable,,0,aggregate_safe
CNUR-000301,金昌市,甘肃省,stable,,0,aggregate_safe
CNUR-000302,白银市,甘肃省,stable,,0,aggregate_safe
CNUR-000303,天水市,甘肃省,stable,,0,aggregate_safe
CNUR-000304,武威市,甘肃省,continuous_upgrade,,0,aggregate_safe
CNUR-000305,张掖市,甘肃省,continuous_upgrade,,0,aggregate_safe
CNUR-000306,平凉市,甘肃省,continuous_upgrade,,0,aggregate_safe
CNUR-000307,酒泉市,甘肃省,continuous_upgrade,,0,aggregate_safe
CNUR-000308,庆阳市,甘肃省,continuous_upgrade,,0,aggregate_safe
CNUR-000309,定西市,甘肃省,continuous_upgrade,,0,aggregate_safe
CNUR-000310,陇南市,甘肃省,continuous_upgrade,,0,aggregate_safe
CNUR-000311,临夏回族自治州,甘肃省,stable,,0,aggregate_safe
CNUR-000312,甘南藏族自治州,甘肃省,stable,,0,aggregate_safe
CNUR-000313,西宁市,青海省,stable,,0,aggregate_safe
CNUR-000314,海东市,青海省,continuous_upgrade,,0,aggregate_safe
CNUR-000315,海北藏族自治州,青海省,stable,,0,aggregate_safe
CNUR-000316,黄南藏族自治州,青海省,stable,,0,aggregate_safe
CNUR-000317,海南藏族自治州,青海省,stable,,0,aggregate_safe
CNUR-000318,果洛藏族自治州,青海省,stable,,0,aggregate_safe
CNUR-000319,玉树藏族自治州,青海省,stable,,0,aggregate_safe
CNUR-000320,海西蒙古族藏族自治州,青海省,stable,,0,aggregate_safe
CNUR-000321,银川市,宁夏回族自治区,stable,,0,aggregate_safe
CNUR-000322,石嘴山市,宁夏回族自治区,stable,,0,aggregate_safe
CNUR-000323,吴忠市,宁夏回族自治区,merged_away,2003,0,break_flag_only
CNUR-000324,固原市,宁夏回族自治区,merged_away,2003,0,break_flag_only
CNUR-000325,中卫市,宁夏回族自治区,transfer_in,2003,2003,break_flag_only
CNUR-000326,乌鲁木齐市,新疆维吾尔自治区,stable,,0,aggregate_safe
CNUR-000327,克拉玛依市,新疆维吾尔自治区,stable,,0,aggregate_safe
CNUR-000328,吐鲁番市,新疆维吾尔自治区,continuous_upgrade,,0,aggregate_safe
CNUR-000329,哈密市,新疆维吾尔自治区,continuous_upgrade,,0,aggregate_safe
CNUR-000330,昌吉回族自治州,新疆维吾尔自治区,stable,,0,aggregate_safe
CNUR-000331,博尔塔拉蒙古自治州,新疆维吾尔自治区,stable,,0,aggregate_safe
CNUR-000332,巴音郭楞蒙古自治州,新疆维吾尔自治区,stable,,0,aggregate_safe
CNUR-000333,阿克苏地区,新疆维吾尔自治区,stable,,0,aggregate_safe
CNUR-000334,克孜勒苏柯尔克孜自治州,新疆维吾尔自治区,stable,,0,aggregate_safe
CNUR-000335,喀什地区,新疆维吾尔自治区,stable,,0,aggregate_safe
CNUR-000336,和田地区,新疆维吾尔自治区,stable,,0,aggregate_safe
CNUR-000337,伊犁哈萨克自治州,新疆维吾尔自治区,stable,,0,aggregate_safe
CNUR-000339,塔城地区,新疆维吾尔自治区,stable,,0,aggregate_safe
CNUR-000340,阿勒泰地区,新疆维吾尔自治区,stable,,0,aggregate_safe
